{"cameraMode":{"drawMode":0,"name":"Shaded","section":"Shading Mode"},"sceneLighting":true,"audioPlay":false,"sceneViewState":{"m_AlwaysRefresh":false,"showFog":true,"showSkybox":true,"showFlares":true,"showImageEffects":true,"showParticleSystems":true,"showVisualEffectGraphs":true,"m_FxEnabled":true},"in2DMode":false,"pivot":{"x":-0.8670575022697449,"y":7.237273216247559,"z":0.49676045775413515},"rotation":{"x":0.1482396423816681,"y":-0.020156849175691606,"z":0.0029601322021335365,"w":0.9887976050376892},"size":1.3610459566116334,"orthographic":false}