{"cameraMode":{"drawMode":0,"name":"Shaded","section":"Shading Mode"},"sceneLighting":true,"audioPlay":false,"sceneViewState":{"m_AlwaysRefresh":false,"showFog":true,"showSkybox":true,"showFlares":true,"showImageEffects":true,"showParticleSystems":true,"showVisualEffectGraphs":true,"m_FxEnabled":true},"in2DMode":false,"pivot":{"x":4.259608268737793,"y":0.41893959045410159,"z":15.811540603637696},"rotation":{"x":-0.1704753339290619,"y":-0.0008890991448424757,"z":0.00014473151532001793,"w":-0.9853761196136475},"size":18.73522186279297,"orthographic":false}