{"cameraMode":{"drawMode":0,"name":"Shaded","section":"Shading Mode"},"sceneLighting":true,"audioPlay":false,"sceneViewState":{"m_AlwaysRefresh":false,"showFog":true,"showSkybox":true,"showFlares":true,"showImageEffects":true,"showParticleSystems":true,"showVisualEffectGraphs":true,"m_FxEnabled":true},"in2DMode":false,"pivot":{"x":-6.295320987701416,"y":-16.678321838378908,"z":16.424755096435548},"rotation":{"x":-0.37253621220588686,"y":0.1526317000389099,"z":-0.06226862221956253,"w":-0.9132764935493469},"size":14.184006690979004,"orthographic":false}